<?xml version="1.0" encoding="UTF-8"?>
<beans xmlns="http://www.springframework.org/schema/beans"
	xmlns:xsi="http://www.w3.org/2001/XMLSchema-instance"
	xmlns:context="http://www.springframework.org/schema/context"
	xsi:schemaLocation="http://www.springframework.org/schema/beans
            http://www.springframework.org/schema/beans/spring-beans.xsd
            http://www.springframework.org/schema/context
            http://www.springframework.org/schema/context/spring-context-3.0.xsd">  
                       
	<bean class="person_language_xml.dto.Person" id="p">
	  <property name="id" value="1"></property>
		<property name="name" value="Anshu"></property>
	<property name="phone" value="1234567899"></property>
	<property name="address" value="Pune"></property>
	<property name="list">
	<list>
	  <bean class="person_language_xml.dto.Language" id="l1">
	 <property name="id" value="101"></property>
	<property name="name" value="Hindi"></property>
	<property name="origin" value="Bharat"></property>
	</bean>
	
	 <bean class="person_language_xml.dto.Language" id="l2">
	 <property name="id" value="102"></property>
	<property name="name" value="English"></property>
	<property name="origin" value="US"></property>
	</bean>
	</list>
	</property>
	
	</bean>
	
	<bean class="person_language_xml.dto.Person" id="p1">
	  <property name="id" value="2"></property>
		<property name="name" value="Arti"></property>
	<property name="phone" value="345678"></property>
	<property name="address" value="Mumbai"></property>
	<property name="list" >
	<list>
	  <bean class="person_language_xml.dto.Language" id="l">
	 <property name="id" value="103"></property>
	<property name="name" value="Marathi"></property>
	<property name="origin" value="Maharashtra"></property>
	</bean>
     
      <bean class="person_language_xml.dto.Language" id="l1">
	 <property name="id" value="107"></property>
	<property name="name" value="Hindi"></property>
	<property name="origin" value="Bharat"></property>
	</bean>
	
	 <bean class="person_language_xml.dto.Language" id="l2">
	 <property name="id" value="108"></property>
	<property name="name" value="English"></property>
	<property name="origin" value="US"></property>
	</bean>
	
	</list>
	</property>
	</bean>
	
	<bean class="person_language_xml.dto.Person" id="p2">
	  <property name="id" value="9"></property>
		<property name="name" value="Shruti"></property>
	<property name="phone" value="243345678"></property>
	<property name="address" value="Pune"></property>
	<property name="list">
	<list>
	<bean class="person_language_xml.dto.Language" id="l">
	 <property name="id" value="109"></property>
	<property name="name" value="Marathi"></property>
	<property name="origin" value="Maharashtra"></property>
	</bean>
     
      <bean class="person_language_xml.dto.Language" id="l1">
	 <property name="id" value="110"></property>
	<property name="name" value="Hindi"></property>
	<property name="origin" value="Bharat"></property>
	</bean>
	
	</list>
	</property>
	
	</bean>
	
	
	<bean class="person_language_xml.dao.PersonDao" id="dao"></bean>
	<bean class="person_language_xml.dao.LanguageDao" id="dao1"></bean>
</beans>